Model,Accuracy,Precision,Recall,F1-score,ROC-AUC
Logistic Regression,0.8459647685374846,0.5049833887043189,0.7958115183246073,0.6178861788617886,0.9096572575005912
Random Forest,0.8930766079475625,0.6416861826697893,0.7172774869109948,0.6773794808405439,0.9256825480777788
XGBoost,0.8676771814829988,0.5511265164644714,0.8324607329842932,0.6631908237747653,0.9357399133926142
